{
    "Base": 0.9028571248054504,
    "LR_0.1": 0.9635000228881836,
    "LR_0.05": 0.9503571391105652,
    "LR_0.005": 0.8689285516738892,
    "LR_0.001": 0.5187857151031494,
    "Batch_16": 0.9400714039802551,
    "Batch_32": 0.9217857122421265,
    "Batch_128": 0.8740714192390442,
    "Batch_256": 0.7533571720123291,
    "Neurons_Config_1_H1_64_H2_32": 0.9033571481704712,
    "Neurons_Config_2_H1_256_H2_128": 0.9042142629623413,
    "Neurons_Config_3_H1_512_H2_128": 0.9032857418060303,
    "Neurons_Config_4_H1_512_H2_256": 0.9070000052452087,
    "3_Hidden": 0.8723571300506592,
    "4_Hidden": 0.8190714120864868,
    "5_Hidden": 0.2037857174873352,
    "6_Hidden": 0.11249999701976776,
    "Bonus_CNN": 0.9769999980926514
}