{
    "Base": 0.9028571428571428,
    "LR_0.1": 0.9635,
    "LR_0.05": 0.9503571428571429,
    "LR_0.005": 0.8689285714285714,
    "LR_0.001": 0.5187857142857143,
    "Batch_16": 0.9400714285714286,
    "Batch_32": 0.9217857142857143,
    "Batch_128": 0.8740714285714286,
    "Batch_256": 0.7533571428571428,
    "Neurons_Config_1_H1_64_H2_32": 0.9033571428571429,
    "Neurons_Config_2_H1_256_H2_128": 0.9042142857142857,
    "Neurons_Config_3_H1_512_H2_128": 0.9032857142857142,
    "Neurons_Config_4_H1_512_H2_256": 0.907,
    "3_Hidden": 0.8723571428571428,
    "4_Hidden": 0.8190714285714286,
    "5_Hidden": 0.2037857142857143,
    "6_Hidden": 0.1125,
    "Bonus_CNN": 0.977
}